title,company,location,link,salary
"시급10310] 서울역,초보가능, 물리치료 보조 알바",서울에이스통증의학과,서울 중구,https://www.indeed.com/viewjob?jk=2b29d70890a1248c,"
시급 10,310원"
[메디플렉스 ] 물리치료팀 물리치료사 (계약직),세종병원,부천 소사구,https://www.indeed.com/viewjob?jk=edbf2b30129d7db1,
물리치료사,삼다중앙의원,제주 제주시,https://www.indeed.com/viewjob?jk=361b12a707481c45,"
월급 2,400,000원 - 2,600,000원"
(종로 안국역앞) 대나무한의원에서 주5일 낮에 일하실 분,대나무한의원,서울 종로구,https://www.indeed.com/viewjob?jk=5f0b90abc18f28fb,"
시급 9,600원"
[단기]투잡 - 시험 참여자 (전국-지역별) 지원바랍니다,캐스트룩,성남 분당구,https://www.indeed.com/viewjob?jk=df6ec605e45f2486,"
월급 1,900,000원"
병원내 방문자확인 아르바이트,에이스병원,안산 단원구,https://www.indeed.com/viewjob?jk=6088062c4e99f90c,"
월급 2,100,000원"
평일 한의원 아르바이트 :),더조은Y한의원,대구 달서구,https://www.indeed.com/viewjob?jk=86e2fa51be089b25,"
시급 9,000원"
성실하신 분으로 한의원 직원 (간호조무사 자격증 유무 상관없음),대한 한의원,경상북도 경주,https://www.indeed.com/viewjob?jk=fee161df18873fe8,"
월급 2,000,000원"
[중원뢰영성한의원 접수실 및 침구실 직원],중원뢰영성한의원,제주 제주시,https://www.indeed.com/viewjob?jk=d64a0b364f7f9639,"
월급 2,200,000원"
물리치료사,이방훈재활의학과의원,제주 제주시,https://www.indeed.com/viewjob?jk=5d037505f5cb3d7e,"
월급 2,000,000원 - 2,200,000원"
"시급10310] 서울역,초보가능, 물리치료 보조 알바",서울에이스통증의학과,서울 중구,https://www.indeed.com/viewjob?jk=2b29d70890a1248c,"
시급 10,310원"
[메디플렉스 ] 물리치료팀 물리치료사 (계약직),세종병원,부천 소사구,https://www.indeed.com/viewjob?jk=edbf2b30129d7db1,
물리치료사,삼다중앙의원,제주 제주시,https://www.indeed.com/viewjob?jk=361b12a707481c45,"
월급 2,400,000원 - 2,600,000원"
(종로 안국역앞) 대나무한의원에서 주5일 낮에 일하실 분,대나무한의원,서울 종로구,https://www.indeed.com/viewjob?jk=5f0b90abc18f28fb,"
시급 9,600원"
[단기]투잡 - 시험 참여자 (전국-지역별) 지원바랍니다,캐스트룩,성남 분당구,https://www.indeed.com/viewjob?jk=df6ec605e45f2486,"
월급 1,900,000원"
병원내 방문자확인 아르바이트,에이스병원,안산 단원구,https://www.indeed.com/viewjob?jk=6088062c4e99f90c,"
월급 2,100,000원"
평일 한의원 아르바이트 :),더조은Y한의원,대구 달서구,https://www.indeed.com/viewjob?jk=86e2fa51be089b25,"
시급 9,000원"
성실하신 분으로 한의원 직원 (간호조무사 자격증 유무 상관없음),대한 한의원,경상북도 경주,https://www.indeed.com/viewjob?jk=fee161df18873fe8,"
월급 2,000,000원"
[중원뢰영성한의원 접수실 및 침구실 직원],중원뢰영성한의원,제주 제주시,https://www.indeed.com/viewjob?jk=d64a0b364f7f9639,"
월급 2,200,000원"
물리치료사,이방훈재활의학과의원,제주 제주시,https://www.indeed.com/viewjob?jk=5d037505f5cb3d7e,"
월급 2,000,000원 - 2,200,000원"
"시급10310] 서울역,초보가능, 물리치료 보조 알바",서울에이스통증의학과,서울 중구,https://www.indeed.com/viewjob?jk=2b29d70890a1248c,"
시급 10,310원"
[메디플렉스 ] 물리치료팀 물리치료사 (계약직),세종병원,부천 소사구,https://www.indeed.com/viewjob?jk=edbf2b30129d7db1,
물리치료사,삼다중앙의원,제주 제주시,https://www.indeed.com/viewjob?jk=361b12a707481c45,"
월급 2,400,000원 - 2,600,000원"
(종로 안국역앞) 대나무한의원에서 주5일 낮에 일하실 분,대나무한의원,서울 종로구,https://www.indeed.com/viewjob?jk=5f0b90abc18f28fb,"
시급 9,600원"
[단기]투잡 - 시험 참여자 (전국-지역별) 지원바랍니다,캐스트룩,성남 분당구,https://www.indeed.com/viewjob?jk=df6ec605e45f2486,"
월급 1,900,000원"
병원내 방문자확인 아르바이트,에이스병원,안산 단원구,https://www.indeed.com/viewjob?jk=6088062c4e99f90c,"
월급 2,100,000원"
평일 한의원 아르바이트 :),더조은Y한의원,대구 달서구,https://www.indeed.com/viewjob?jk=86e2fa51be089b25,"
시급 9,000원"
성실하신 분으로 한의원 직원 (간호조무사 자격증 유무 상관없음),대한 한의원,경상북도 경주,https://www.indeed.com/viewjob?jk=fee161df18873fe8,"
월급 2,000,000원"
[중원뢰영성한의원 접수실 및 침구실 직원],중원뢰영성한의원,제주 제주시,https://www.indeed.com/viewjob?jk=d64a0b364f7f9639,"
월급 2,200,000원"
물리치료사,이방훈재활의학과의원,제주 제주시,https://www.indeed.com/viewjob?jk=5d037505f5cb3d7e,"
월급 2,000,000원 - 2,200,000원"
